name	x	y	z	size
A31	-9.14480018615723	40.6279678344727	20.9814128875732	0
A32	-5.14662313461304	40.7152328491211	34.0920333862305	0
A33	-24.8528861999512	18.2267723083496	54.9785842895508	0
A34	-23.5215644836426	8.8035249710083	51.1542320251465	0
A35	-16.4703330993652	-49.7038993835449	-11.0546236038208	0
A36	-9.78555393218994	-56.1247863769531	-4.79947757720947	0
A37	-4.93382740020752	-66.0055084228516	4.92764234542847	0
A38	-15.1269283294678	-76.1907272338867	5.58633089065552	0
